plateID,well,cmpdname,CONCuM,cmpdnum
plate_1,G12,1,10,1_10
plate_1,C05,2,10,2_10
plate_1,N16,3,10,3_10
plate_1,A10,4,10,4_10
plate_1,N08,5,10,5_10
plate_1,A23,6,10,6_10
plate_1,E23,7,10,7_10
plate_1,L15,8,10,8_10
plate_1,F07,9,10,9_10
plate_1,N19,10,10,10_10
plate_1,O19,11,10,11_10
plate_1,G24,12,10,12_10
plate_1,P21,13,10,13_10
plate_1,J06,14,10,14_10
plate_1,M10,15,10,15_10
plate_1,E16,16,10,16_10
plate_1,L22,17,10,17_10
plate_1,L19,18,10,18_10
plate_1,L06,19,10,19_10
plate_1,E07,20,10,20_10
plate_1,A03,21,10,21_10
plate_1,D14,22,10,22_10
plate_1,E03,23,10,23_10
plate_1,A18,24,10,24_10
plate_1,I07,25,10,25_10
plate_1,A22,26,10,26_10
plate_1,J23,27,10,27_10
plate_1,B08,28,10,28_10
plate_1,O02,29,10,29_10
plate_1,F23,30,10,30_10
plate_1,I23,31,10,31_10
plate_1,L12,32,10,32_10
plate_1,O07,33,10,33_10
plate_1,C24,34,10,34_10
plate_1,F22,35,10,35_10
plate_1,O17,36,10,36_10
plate_1,E11,37,10,37_10
plate_1,H06,38,10,38_10
plate_1,E10,39,10,39_10
plate_1,N22,40,10,40_10
plate_1,B19,41,10,41_10
plate_1,M21,42,10,42_10
plate_1,N21,43,10,43_10
plate_1,N15,44,10,44_10
plate_1,H19,45,10,45_10
plate_1,M15,46,10,46_10
plate_1,L24,47,10,47_10
plate_1,I16,48,10,48_10
plate_1,C12,49,10,49_10
plate_1,L04,50,10,50_10
plate_1,P19,51,10,51_10
plate_1,C14,52,10,52_10
plate_1,E12,53,10,53_10
plate_1,K10,54,10,54_10
plate_1,K18,55,10,55_10
plate_1,I14,56,10,56_10
plate_1,P15,57,10,57_10
plate_1,P14,58,10,58_10
plate_1,I15,59,10,59_10
plate_1,K15,60,10,60_10
plate_1,C19,61,10,61_10
plate_1,N02,62,10,62_10
plate_1,D22,63,10,63_10
plate_1,F04,64,10,64_10
plate_1,O10,65,10,65_10
plate_1,P20,66,10,66_10
plate_1,E15,67,10,67_10
plate_1,P03,68,10,68_10
plate_1,H02,69,10,69_10
plate_1,J03,70,10,70_10
plate_1,N03,71,10,71_10
plate_1,J02,72,10,72_10
plate_1,B01,73,10,73_10
plate_1,E09,74,10,74_10
plate_1,F11,75,10,75_10
plate_1,N12,76,10,76_10
plate_1,A14,77,10,77_10
plate_1,B22,78,10,78_10
plate_1,I08,79,10,79_10
plate_1,J11,80,10,80_10
plate_1,F01,81,10,81_10
plate_1,H04,82,10,82_10
plate_1,E05,83,10,83_10
plate_1,M12,84,10,84_10
plate_1,K13,85,10,85_10
plate_1,B10,86,10,86_10
plate_1,M23,87,10,87_10
plate_1,O14,88,10,88_10
plate_1,G17,89,10,89_10
plate_1,I21,90,10,90_10
plate_1,N05,91,10,91_10
plate_1,B24,92,10,92_10
plate_1,D21,93,10,93_10
plate_1,L07,94,10,94_10
plate_1,K03,95,10,95_10
plate_1,J04,96,10,96_10
plate_1,K02,97,10,97_10
plate_1,C21,98,10,98_10
plate_1,I22,99,10,99_10
plate_1,B03,100,10,100_10
plate_1,M14,101,10,101_10
plate_1,M16,102,10,102_10
plate_1,D18,103,10,103_10
plate_1,B14,104,10,104_10
plate_1,A05,105,10,105_10
plate_1,F16,106,10,106_10
plate_1,H14,107,10,107_10
plate_1,H16,108,10,108_10
plate_1,E19,109,10,109_10
plate_1,J08,110,10,110_10
plate_1,I06,111,10,111_10
plate_1,K05,112,10,112_10
plate_1,P13,113,10,113_10
plate_1,N14,114,10,114_10
plate_1,J17,115,10,115_10
plate_1,M13,116,10,116_10
plate_1,C16,117,10,117_10
plate_1,P04,118,10,118_10
plate_1,P22,119,10,119_10
plate_1,F19,120,10,120_10
plate_1,L11,121,10,121_10
plate_1,E06,122,10,122_10
plate_1,J16,123,10,123_10
plate_1,J10,124,10,124_10
plate_1,B09,125,10,125_10
plate_1,C02,126,10,126_10
plate_1,N13,127,10,127_10
plate_1,M07,128,10,128_10
plate_1,C15,129,10,129_10
plate_1,M11,130,10,130_10
plate_1,I03,131,10,131_10
plate_1,A17,132,10,132_10
plate_1,E04,133,10,133_10
plate_1,I17,134,10,134_10
plate_1,L16,135,10,135_10
plate_1,O09,136,10,136_10
plate_1,I11,137,10,137_10
plate_1,I05,138,10,138_10
plate_1,P01,139,10,139_10
plate_1,G21,140,10,140_10
plate_1,E18,141,10,141_10
plate_1,L18,142,10,142_10
plate_1,J22,143,10,143_10
plate_1,K23,144,10,144_10
plate_1,F03,145,10,145_10
plate_1,B23,146,10,146_10
plate_1,I18,147,10,147_10
plate_1,D03,148,10,148_10
plate_1,H09,149,10,149_10
plate_1,O21,150,10,150_10
plate_1,C07,151,10,151_10
plate_1,P10,152,10,152_10
plate_1,C13,153,10,153_10
plate_1,E22,154,10,154_10
plate_1,K21,155,10,155_10
plate_1,D23,156,10,156_10
plate_1,A15,157,10,157_10
plate_1,F06,158,10,158_10
plate_1,F21,159,10,159_10
plate_1,F12,160,10,160_10
plate_1,H15,161,10,161_10
plate_1,D02,162,10,162_10
plate_1,G07,163,10,163_10
plate_1,D07,164,10,164_10
plate_1,E21,165,10,165_10
plate_1,C01,166,10,166_10
plate_1,I20,167,10,167_10
plate_1,M17,168,10,168_10
plate_1,D08,169,10,169_10
plate_1,H24,170,10,170_10
plate_1,O06,171,10,171_10
plate_1,D01,172,10,172_10
plate_1,G23,173,10,173_10
plate_1,J18,174,10,174_10
plate_1,J24,175,10,175_10
plate_1,K08,176,10,176_10
plate_1,K24,177,10,177_10
plate_1,F18,178,10,178_10
plate_1,J01,179,10,179_10
plate_1,H03,180,10,180_10
plate_1,B12,181,10,181_10
plate_1,L23,182,10,182_10
plate_1,F17,183,10,183_10
plate_1,A01,184,10,184_10
plate_1,F09,185,10,185_10
plate_1,B13,186,10,186_10
plate_1,M20,187,10,187_10
plate_1,O04,188,10,188_10
plate_1,O05,189,10,189_10
plate_1,F14,190,10,190_10
plate_1,N09,191,10,191_10
plate_1,A08,192,10,192_10
plate_1,P08,193,10,193_10
plate_1,D09,194,10,194_10
plate_1,B06,195,10,195_10
plate_1,E08,196,10,196_10
plate_1,B18,197,10,197_10
plate_1,O16,198,10,198_10
plate_1,P17,199,10,199_10
plate_1,K07,200,10,200_10
plate_1,G20,201,10,201_10
plate_1,P02,202,10,202_10
plate_1,D16,203,10,203_10
plate_1,I09,204,10,204_10
plate_1,G06,205,10,205_10
plate_1,L14,206,10,206_10
plate_1,A02,207,10,207_10
plate_1,O01,208,10,208_10
plate_1,O18,209,10,209_10
plate_1,M18,210,10,210_10
plate_1,I10,211,10,211_10
plate_1,K11,212,10,212_10
plate_1,F15,213,10,213_10
plate_1,L01,214,10,214_10
plate_1,O15,215,10,215_10
plate_1,B16,216,10,216_10
plate_1,O23,217,10,217_10
plate_1,L21,218,10,218_10
plate_1,L20,219,10,219_10
plate_1,I01,220,10,220_10
plate_1,E13,221,10,221_10
plate_1,I24,222,10,222_10
plate_1,M02,223,10,223_10
plate_1,M01,224,10,224_10
plate_1,P23,225,10,225_10
plate_1,I04,226,10,226_10
plate_1,M24,227,10,227_10
plate_1,A07,228,10,228_10
plate_1,H20,229,10,229_10
plate_1,F20,230,10,230_10
plate_1,L09,231,10,231_10
plate_1,D11,232,10,232_10
plate_1,H18,233,10,233_10
plate_1,G05,234,10,234_10
plate_1,I13,235,10,235_10
plate_1,J14,236,10,236_10
plate_1,F24,237,10,237_10
plate_1,H22,238,10,238_10
plate_1,F02,239,10,239_10
plate_1,F05,240,10,240_10
plate_1,N17,241,10,241_10
plate_1,M09,242,10,242_10
plate_1,G22,243,10,243_10
plate_1,G04,244,10,244_10
plate_1,E20,245,10,245_10
plate_1,G10,246,10,246_10
plate_1,A13,247,10,247_10
plate_1,K17,248,10,248_10
plate_1,A19,249,10,249_10
plate_1,E01,250,10,250_10
plate_1,N01,251,10,251_10
plate_1,E24,252,10,252_10
plate_1,J13,253,10,253_10
plate_1,A12,254,10,254_10
plate_1,G18,255,10,255_10
plate_1,M08,256,10,256_10
plate_1,D06,257,10,257_10
plate_1,M19,258,10,258_10
plate_1,P07,259,10,259_10
plate_1,C03,260,10,260_10
plate_1,G13,261,10,261_10
plate_1,L02,262,10,262_10
plate_1,H11,263,10,263_10
plate_1,N11,264,10,264_10
plate_1,A20,265,10,265_10
plate_1,O20,266,10,266_10
plate_1,D05,267,10,267_10
plate_1,O08,268,10,268_10
plate_1,N20,269,10,269_10
plate_1,H12,270,10,270_10
plate_1,L03,271,10,271_10
plate_1,J19,272,10,272_10
plate_1,M04,273,10,273_10
plate_1,D10,274,10,274_10
plate_1,A09,275,10,275_10
plate_1,M05,276,10,276_10
plate_1,P18,277,10,277_10
plate_1,C11,278,10,278_10
plate_1,N06,279,10,279_10
plate_1,C23,280,10,280_10
plate_1,N24,281,10,281_10
plate_1,L05,282,10,282_10
plate_1,C08,283,10,283_10
plate_1,N04,284,10,284_10
plate_1,O12,285,10,285_10
plate_1,B02,286,10,286_10
plate_1,O24,287,10,287_10
plate_1,B05,288,10,288_10
plate_1,H01,289,10,289_10
plate_1,C10,290,10,290_10
plate_1,C17,291,10,291_10
plate_1,O03,292,10,292_10
plate_1,K09,293,10,293_10
plate_1,J12,294,10,294_10
plate_1,P11,295,10,295_10
plate_1,J07,296,10,296_10
plate_1,C20,297,10,297_10
plate_1,H10,298,10,298_10
plate_1,C04,299,10,299_10
plate_1,J20,300,10,300_10
plate_1,D19,301,10,301_10
plate_1,A21,302,10,302_10
plate_1,K19,303,10,303_10
plate_1,B17,304,10,304_10
plate_1,G08,305,10,305_10
plate_1,H13,306,10,306_10
plate_1,G02,307,10,307_10
plate_1,H17,308,10,308_10
plate_1,A04,309,10,309_10
plate_1,J09,310,10,310_10
plate_1,D13,311,10,311_10
plate_1,A06,312,10,312_10
plate_1,P05,313,10,313_10
plate_1,H08,314,10,314_10
plate_1,P12,315,10,315_10
plate_1,G15,316,10,316_10
plate_1,B20,317,10,317_10
plate_1,K22,318,10,318_10
plate_1,K06,319,10,319_10
plate_1,D17,320,10,320_10
plate_1,G11,321,10,321_10
plate_1,G14,322,10,322_10
plate_1,G09,323,10,323_10
plate_1,B11,324,10,324_10
plate_1,K12,325,10,325_10
plate_1,K16,326,10,326_10
plate_1,D15,327,10,327_10
plate_2,M05,328,10,328_10
plate_3,G12,328,10,328_10
plate_2,P09,329,10,329_10
plate_3,C01,329,10,329_10
plate_2,I19,330,10,330_10
plate_3,G08,330,10,330_10
plate_2,M19,331,10,331_10
plate_3,N20,331,10,331_10
plate_2,E21,332,10,332_10
plate_3,J07,332,10,332_10
plate_2,E23,333,10,333_10
plate_3,O15,333,10,333_10
plate_2,G20,334,10,334_10
plate_3,H20,334,10,334_10
plate_2,C08,335,10,335_10
plate_3,P21,335,10,335_10
plate_2,P17,336,10,336_10
plate_3,L03,336,10,336_10
plate_2,N03,337,10,337_10
plate_3,K12,337,10,337_10
plate_2,N22,338,10,338_10
plate_3,I05,338,10,338_10
plate_2,K09,339,10,339_10
plate_3,O12,339,10,339_10
plate_2,M10,340,10,340_10
plate_3,I18,340,10,340_10
plate_2,O14,341,10,341_10
plate_3,K16,341,10,341_10
plate_2,E07,342,10,342_10
plate_3,E10,342,10,342_10
plate_2,J01,343,10,343_10
plate_3,I15,343,10,343_10
plate_2,C03,344,10,344_10
plate_3,P15,344,10,344_10
plate_2,H15,345,10,345_10
plate_3,O11,345,10,345_10
plate_2,K06,346,10,346_10
plate_3,L11,346,10,346_10
plate_2,I08,347,10,347_10
plate_3,K14,347,10,347_10
plate_2,C14,348,10,348_10
plate_3,C15,348,10,348_10
plate_2,E06,349,10,349_10
plate_3,H16,349,10,349_10
plate_2,N19,350,10,350_10
plate_3,J09,350,10,350_10
plate_2,F07,351,10,351_10
plate_3,O20,351,10,351_10
plate_2,H04,352,10,352_10
plate_3,C12,352,10,352_10
plate_2,A16,353,10,353_10
plate_3,A21,353,10,353_10
plate_2,N01,354,10,354_10
plate_3,L15,354,10,354_10
plate_2,E20,355,10,355_10
plate_3,O05,355,10,355_10
plate_2,M23,356,10,356_10
plate_3,C08,356,10,356_10
plate_2,A18,357,10,357_10
plate_3,H22,357,10,357_10
plate_2,M21,358,10,358_10
plate_3,B22,358,10,358_10
plate_2,H16,359,10,359_10
plate_3,F09,359,10,359_10
plate_2,C10,360,10,360_10
plate_3,F17,360,10,360_10
plate_2,P02,361,10,361_10
plate_3,B04,361,10,361_10
plate_2,M01,362,10,362_10
plate_3,F06,362,10,362_10
plate_2,K05,363,10,363_10
plate_3,O01,363,10,363_10
plate_2,L22,364,10,364_10
plate_3,C11,364,10,364_10
plate_2,D09,365,10,365_10
plate_3,J01,365,10,365_10
plate_2,H13,366,10,366_10
plate_3,F21,366,10,366_10
plate_2,N15,367,10,367_10
plate_3,K15,367,10,367_10
plate_2,E04,368,10,368_10
plate_3,F15,368,10,368_10
plate_2,E16,369,10,369_10
plate_3,D17,369,10,369_10
plate_2,O02,370,10,370_10
plate_3,B03,370,10,370_10
plate_2,L20,371,10,371_10
plate_3,H06,371,10,371_10
plate_2,F17,372,10,372_10
plate_3,E20,372,10,372_10
plate_2,H11,373,10,373_10
plate_3,G13,373,10,373_10
plate_2,D23,374,10,374_10
plate_3,K22,374,10,374_10
plate_2,I15,375,10,375_10
plate_3,B10,375,10,375_10
plate_2,B07,376,10,376_10
plate_3,P03,376,10,376_10
plate_2,H02,377,10,377_10
plate_3,D15,377,10,377_10
plate_2,O01,378,10,378_10
plate_3,C20,378,10,378_10
plate_2,G13,379,10,379_10
plate_3,J15,379,10,379_10
plate_2,F08,380,10,380_10
plate_3,K04,380,10,380_10
plate_2,B03,381,10,381_10
plate_3,O19,381,10,381_10
plate_2,F15,382,10,382_10
plate_3,O24,382,10,382_10
plate_2,B10,383,10,383_10
plate_3,D01,383,10,383_10
plate_2,L05,384,10,384_10
plate_3,B20,384,10,384_10
plate_2,N06,385,10,385_10
plate_3,H15,385,10,385_10
plate_2,L13,386,10,386_10
plate_3,P05,386,10,386_10
plate_2,D04,387,10,387_10
plate_3,H02,387,10,387_10
plate_2,C11,388,10,388_10
plate_3,D08,388,10,388_10
plate_2,O20,389,10,389_10
plate_3,L01,389,10,389_10
plate_2,M08,390,10,390_10
plate_3,C18,390,10,390_10
plate_2,J24,391,10,391_10
plate_3,C19,391,10,391_10
plate_2,K21,392,10,392_10
plate_3,F01,392,10,392_10
plate_2,B01,393,10,393_10
plate_3,B12,393,10,393_10
plate_2,N04,394,10,394_10
plate_3,O21,394,10,394_10
plate_2,P16,395,10,395_10
plate_3,O16,395,10,395_10
plate_2,G19,396,10,396_10
plate_3,H05,396,10,396_10
plate_2,A11,397,10,397_10
plate_3,A15,397,10,397_10
plate_2,L12,398,10,398_10
plate_3,O10,398,10,398_10
plate_2,L01,399,10,399_10
plate_3,A10,399,10,399_10
plate_2,G05,400,10,400_10
plate_3,L04,400,10,400_10
plate_2,A15,401,10,401_10
plate_3,N14,401,10,401_10
plate_2,J15,402,10,402_10
plate_3,K17,402,10,402_10
plate_2,P07,403,10,403_10
plate_3,E17,403,10,403_10
plate_2,P13,404,10,404_10
plate_3,G18,404,10,404_10
plate_2,J06,405,10,405_10
plate_3,O14,405,10,405_10
plate_2,P08,406,10,406_10
plate_3,K09,406,10,406_10
plate_2,C20,407,10,407_10
plate_3,D04,407,10,407_10
plate_2,C15,408,10,408_10
plate_3,D14,408,10,408_10
plate_2,D11,409,10,409_10
plate_3,D18,409,10,409_10
plate_2,E01,410,10,410_10
plate_3,G10,410,10,410_10
plate_2,P23,411,10,411_10
plate_3,N19,411,10,411_10
plate_2,L02,412,10,412_10
plate_3,K06,412,10,412_10
plate_2,C23,413,10,413_10
plate_3,E24,413,10,413_10
plate_2,G06,414,10,414_10
plate_3,P22,414,10,414_10
plate_2,B22,415,10,415_10
plate_3,C21,415,10,415_10
plate_2,C04,416,10,416_10
plate_3,G07,416,10,416_10
plate_2,O11,417,10,417_10
plate_3,L10,417,10,417_10
plate_2,A21,418,10,418_10
plate_3,F16,418,10,418_10
plate_2,C01,419,10,419_10
plate_3,H12,419,10,419_10
plate_2,B24,420,10,420_10
plate_3,F11,420,10,420_10
plate_2,E02,421,10,421_10
plate_3,H08,421,10,421_10
plate_2,P03,422,10,422_10
plate_3,A17,422,10,422_10
plate_2,B11,423,10,423_10
plate_3,G22,423,10,423_10
plate_2,J03,424,10,424_10
plate_3,N10,424,10,424_10
plate_2,I04,425,10,425_10
plate_3,B17,425,10,425_10
plate_2,F11,426,10,426_10
plate_3,N07,426,10,426_10
plate_2,K13,427,10,427_10
plate_3,N22,427,10,427_10
plate_2,B17,428,10,428_10
plate_3,N03,428,10,428_10
plate_2,O10,429,10,429_10
plate_3,M22,429,10,429_10
plate_2,J12,430,10,430_10
plate_3,G23,430,10,430_10
plate_2,M18,431,10,431_10
plate_3,I21,431,10,431_10
plate_2,L23,432,10,432_10
plate_3,F05,432,10,432_10
plate_2,O09,433,10,433_10
plate_3,N13,433,10,433_10
plate_2,E13,434,10,434_10
plate_3,A03,434,10,434_10
plate_2,O17,435,10,435_10
plate_3,A16,435,10,435_10
plate_2,N24,436,10,436_10
plate_3,J02,436,10,436_10
plate_2,I02,437,10,437_10
plate_3,B14,437,10,437_10
plate_2,K19,438,10,438_10
plate_3,I02,438,10,438_10
plate_2,P15,439,10,439_10
plate_3,E11,439,10,439_10
plate_2,E08,440,10,440_10
plate_3,D09,440,10,440_10
plate_2,D10,441,10,441_10
plate_3,C06,441,10,441_10
plate_2,N17,442,10,442_10
plate_3,C13,442,10,442_10
plate_2,I10,443,10,443_10
plate_3,C23,443,10,443_10
plate_2,K18,444,10,444_10
plate_3,H03,444,10,444_10
plate_2,B18,445,10,445_10
plate_3,B11,445,10,445_10
plate_2,L09,446,10,446_10
plate_3,M24,446,10,446_10
plate_2,N12,447,10,447_10
plate_3,A09,447,10,447_10
plate_2,I22,448,10,448_10
plate_3,C16,448,10,448_10
plate_2,P18,449,10,449_10
plate_3,N24,449,10,449_10
plate_2,C07,450,10,450_10
plate_3,L23,450,10,450_10
plate_2,E14,451,10,451_10
plate_3,O23,451,10,451_10
plate_2,C21,452,10,452_10
plate_3,M16,452,10,452_10
plate_2,N07,453,10,453_10
plate_3,L20,453,10,453_10
plate_2,A13,454,10,454_10
plate_3,H13,454,10,454_10
plate_2,E05,455,10,455_10
plate_3,K20,455,10,455_10
plate_2,L21,456,10,456_10
plate_3,O18,456,10,456_10
plate_2,C19,457,10,457_10
plate_3,E14,457,10,457_10
plate_2,H08,458,10,458_10
plate_3,B01,458,10,458_10
plate_2,H22,459,10,459_10
plate_3,O17,459,10,459_10
plate_2,M16,460,10,460_10
plate_3,N17,460,10,460_10
plate_2,F24,461,10,461_10
plate_3,H04,461,10,461_10
plate_2,J18,462,10,462_10
plate_3,P09,462,10,462_10
plate_2,K16,463,10,463_10
plate_3,A23,463,10,463_10
plate_2,C17,464,10,464_10
plate_3,G04,464,10,464_10
plate_2,F19,465,10,465_10
plate_3,G20,465,10,465_10
plate_2,N16,466,10,466_10
plate_3,A19,466,10,466_10
plate_2,F03,467,10,467_10
plate_3,M11,467,10,467_10
plate_2,C16,468,10,468_10
plate_3,J13,468,10,468_10
plate_2,I18,469,10,469_10
plate_3,L06,469,10,469_10
plate_2,H03,470,10,470_10
plate_3,G06,470,10,470_10
plate_2,L06,471,10,471_10
plate_3,C24,471,10,471_10
plate_2,K23,472,10,472_10
plate_3,H11,472,10,472_10
plate_2,P24,473,10,473_10
plate_3,J03,473,10,473_10
plate_2,C09,474,10,474_10
plate_3,L05,474,10,474_10
plate_2,J04,475,10,475_10
plate_3,P06,475,10,475_10
plate_2,L04,476,10,476_10
plate_3,D05,476,10,476_10
plate_2,M13,477,10,477_10
plate_3,C04,477,10,477_10
plate_2,I06,478,10,478_10
plate_3,K24,478,10,478_10
plate_2,D14,479,10,479_10
plate_3,M18,479,10,479_10
plate_2,M11,480,10,480_10
plate_3,B23,480,10,480_10
plate_2,H10,481,10,481_10
plate_3,A24,481,10,481_10
plate_2,F20,482,10,482_10
plate_3,C02,482,10,482_10
plate_2,B19,483,10,483_10
plate_3,I20,483,10,483_10
plate_2,M07,484,10,484_10
plate_3,M23,484,10,484_10
plate_2,K15,485,10,485_10
plate_3,O09,485,10,485_10
plate_2,N05,486,10,486_10
plate_3,G17,486,10,486_10
plate_2,A23,487,10,487_10
plate_3,J06,487,10,487_10
plate_2,I01,488,10,488_10
plate_3,H14,488,10,488_10
plate_2,J16,489,10,489_10
plate_3,P07,489,10,489_10
plate_2,C24,490,10,490_10
plate_3,E02,490,10,490_10
plate_2,D24,491,10,491_10
plate_3,D20,491,10,491_10
plate_2,E17,492,10,492_10
plate_3,D10,492,10,492_10
plate_2,G17,493,10,493_10
plate_3,L17,493,10,493_10
plate_2,G11,494,10,494_10
plate_3,B08,494,10,494_10
plate_2,K11,495,10,495_10
plate_3,N23,495,10,495_10
plate_2,K07,496,10,496_10
plate_3,A13,496,10,496_10
plate_2,O03,497,10,497_10
plate_3,O08,497,10,497_10
plate_2,E18,498,10,498_10
plate_3,N09,498,10,498_10
plate_2,M17,499,10,499_10
plate_3,K13,499,10,499_10
plate_2,D18,500,10,500_10
plate_3,J22,500,10,500_10
plate_2,B16,501,10,501_10
plate_3,P19,501,10,501_10
plate_2,D19,502,10,502_10
plate_3,P08,502,10,502_10
plate_2,A12,503,10,503_10
plate_3,O07,503,10,503_10
plate_2,N13,504,10,504_10
plate_3,F03,504,10,504_10
plate_2,L24,505,10,505_10
plate_3,J23,505,10,505_10
plate_2,E12,506,10,506_10
plate_3,G15,506,10,506_10
plate_2,G22,507,10,507_10
plate_3,G05,507,10,507_10
plate_2,N11,508,10,508_10
plate_3,P01,508,10,508_10
plate_2,B13,509,10,509_10
plate_3,G19,509,10,509_10
plate_2,H17,510,10,510_10
plate_3,P13,510,10,510_10
plate_2,K01,511,10,511_10
plate_3,G09,511,10,511_10
plate_2,O12,512,10,512_10
plate_3,F12,512,10,512_10
plate_2,F23,513,10,513_10
plate_3,A08,513,10,513_10
plate_2,L08,514,10,514_10
plate_3,F23,514,10,514_10
plate_2,C12,515,10,515_10
plate_3,J08,515,10,515_10
plate_2,J09,516,10,516_10
plate_3,P23,516,10,516_10
plate_2,H18,517,10,517_10
plate_3,C03,517,10,517_10
plate_2,E19,518,10,518_10
plate_3,I13,518,10,518_10
plate_2,K22,519,10,519_10
plate_3,K19,519,10,519_10
plate_2,D02,520,10,520_10
plate_3,G21,520,10,520_10
plate_2,G04,521,10,521_10
plate_3,F10,521,10,521_10
plate_2,F18,522,10,522_10
plate_3,I14,522,10,522_10
plate_2,P06,523,10,523_10
plate_3,N05,523,10,523_10
plate_2,M03,524,10,524_10
plate_3,A06,524,10,524_10
plate_2,O16,525,10,525_10
plate_3,H18,525,10,525_10
plate_2,D22,526,10,526_10
plate_3,O04,526,10,526_10
plate_2,O04,527,10,527_10
plate_3,D02,527,10,527_10
plate_2,K10,528,10,528_10
plate_3,H24,528,10,528_10
plate_2,P14,529,10,529_10
plate_3,F22,529,10,529_10
plate_2,J21,530,10,530_10
plate_3,H17,530,10,530_10
plate_2,K03,531,10,531_10
plate_3,P20,531,10,531_10
plate_2,D05,532,10,532_10
plate_3,J05,532,10,532_10
plate_2,M22,533,10,533_10
plate_3,E16,533,10,533_10
plate_2,O19,534,10,534_10
plate_3,M09,534,10,534_10
plate_2,F04,535,10,535_10
plate_3,I01,535,10,535_10
plate_2,F02,536,10,536_10
plate_3,N08,536,10,536_10
plate_2,B20,537,10,537_10
plate_3,B21,537,10,537_10
plate_2,N02,538,10,538_10
plate_3,I17,538,10,538_10
plate_2,E10,539,10,539_10
plate_3,C14,539,10,539_10
plate_2,H20,540,10,540_10
plate_3,J14,540,10,540_10
plate_2,E15,541,10,541_10
plate_3,L02,541,10,541_10
plate_2,E22,542,10,542_10
plate_3,M10,542,10,542_10
plate_2,F05,543,10,543_10
plate_3,I10,543,10,543_10
plate_2,F06,544,10,544_10
plate_3,N12,544,10,544_10
plate_2,K24,545,10,545_10
plate_3,H09,545,10,545_10
plate_2,H09,546,10,546_10
plate_3,M17,546,10,546_10
plate_2,D15,547,10,547_10
plate_3,B24,547,10,547_10
plate_2,G14,548,10,548_10
plate_3,F08,548,10,548_10
plate_2,A20,549,10,549_10
plate_3,K07,549,10,549_10
plate_2,A02,550,10,550_10
plate_3,L08,550,10,550_10
plate_2,N10,551,10,551_10
plate_3,F19,551,10,551_10
plate_2,J08,552,10,552_10
plate_3,M01,552,10,552_10
plate_2,N14,553,10,553_10
plate_3,J18,553,10,553_10
plate_2,D06,554,10,554_10
plate_3,O22,554,10,554_10
plate_2,L17,555,10,555_10
plate_3,C09,555,10,555_10
plate_2,E03,556,10,556_10
plate_3,A11,556,10,556_10
plate_2,J10,557,10,557_10
plate_3,O03,557,10,557_10
plate_2,F16,558,10,558_10
plate_3,L12,558,10,558_10
plate_2,K04,559,10,559_10
plate_3,I16,559,10,559_10
plate_2,O18,560,10,560_10
plate_3,P18,560,10,560_10
plate_2,I05,561,10,561_10
plate_3,C05,561,10,561_10
plate_2,A17,562,10,562_10
plate_3,B02,562,10,562_10
plate_2,D01,563,10,563_10
plate_3,H19,563,10,563_10
plate_2,O15,564,10,564_10
plate_3,C07,564,10,564_10
plate_2,I09,565,10,565_10
plate_3,N15,565,10,565_10
plate_2,N08,566,10,566_10
plate_3,M14,566,10,566_10
plate_2,G23,567,10,567_10
plate_3,M06,567,10,567_10
plate_2,B08,568,10,568_10
plate_3,G02,568,10,568_10
plate_2,G15,569,10,569_10
plate_3,P24,569,10,569_10
plate_2,A24,570,10,570_10
plate_3,E18,570,10,570_10
plate_2,G21,571,10,571_10
plate_3,K21,571,10,571_10
plate_2,P11,572,10,572_10
plate_3,H01,572,10,572_10
plate_2,C18,573,10,573_10
plate_3,I06,573,10,573_10
plate_2,M20,574,10,574_10
plate_3,E23,574,10,574_10
plate_2,O07,575,10,575_10
plate_3,G03,575,10,575_10
plate_2,B14,576,10,576_10
plate_3,E12,576,10,576_10
plate_2,M12,577,10,577_10
plate_3,F14,577,10,577_10
plate_2,A09,578,10,578_10
plate_3,A18,578,10,578_10
plate_2,G08,579,10,579_10
plate_3,J21,579,10,579_10
plate_2,L14,580,10,580_10
plate_3,P17,580,10,580_10
plate_2,F14,581,10,581_10
plate_3,G14,581,10,581_10
plate_2,D21,582,10,582_10
plate_3,F13,582,10,582_10
plate_2,D16,583,10,583_10
plate_3,P12,583,10,583_10
plate_2,B05,584,10,584_10
plate_3,J12,584,10,584_10
plate_2,P05,585,10,585_10
plate_3,I11,585,10,585_10
plate_2,G24,586,10,586_10
plate_3,E06,586,10,586_10
plate_2,F09,587,10,587_10
plate_3,L13,587,10,587_10
plate_2,L19,588,10,588_10
plate_3,M04,588,10,588_10
plate_2,L11,589,10,589_10
plate_3,I07,589,10,589_10
plate_2,O21,590,10,590_10
plate_3,F04,590,10,590_10
plate_2,D03,591,10,591_10
plate_3,P11,591,10,591_10
plate_2,B04,592,10,592_10
plate_3,A07,592,10,592_10
plate_2,F10,593,10,593_10
plate_3,I03,593,10,593_10
plate_2,D07,594,10,594_10
plate_3,A20,594,10,594_10
plate_2,P20,595,10,595_10
plate_3,D24,595,10,595_10
plate_2,L16,596,10,596_10
plate_3,L18,596,10,596_10
plate_2,L07,597,10,597_10
plate_3,J19,597,10,597_10
plate_2,M15,598,10,598_10
plate_3,K03,598,10,598_10
plate_2,P04,599,10,599_10
plate_3,A02,599,10,599_10
plate_2,O22,600,10,600_10
plate_3,M02,600,10,600_10
plate_2,F12,601,10,601_10
plate_3,P04,601,10,601_10
plate_2,J20,602,10,602_10
plate_3,L21,602,10,602_10
plate_2,N20,603,10,603_10
plate_3,E04,603,10,603_10
plate_2,B21,604,10,604_10
plate_3,H23,604,10,604_10
plate_2,A05,605,10,605_10
plate_3,G16,605,10,605_10
plate_2,N23,606,10,606_10
plate_3,N04,606,10,606_10
plate_2,J13,607,10,607_10
plate_3,L16,607,10,607_10
plate_2,O24,608,10,608_10
plate_3,I22,608,10,608_10
plate_2,C02,609,10,609_10
plate_3,P02,609,10,609_10
plate_2,I17,610,10,610_10
plate_3,K11,610,10,610_10
plate_2,M09,611,10,611_10
plate_3,F07,611,10,611_10
plate_2,B09,612,10,612_10
plate_3,I24,612,10,612_10
plate_2,J11,613,10,613_10
plate_3,K02,613,10,613_10
plate_2,C06,614,10,614_10
plate_3,F24,614,10,614_10
plate_2,K17,615,10,615_10
plate_3,B15,615,10,615_10
plate_2,A06,616,10,616_10
plate_3,N06,616,10,616_10
plate_2,G09,617,10,617_10
plate_3,E13,617,10,617_10
plate_2,I14,618,10,618_10
plate_3,E19,618,10,618_10
plate_2,M14,619,10,619_10
plate_3,N21,619,10,619_10
plate_2,A01,620,10,620_10
plate_3,I09,620,10,620_10
plate_2,H19,621,10,621_10
plate_3,E01,621,10,621_10
plate_2,H24,622,10,622_10
plate_3,A05,622,10,622_10
plate_2,F21,623,10,623_10
plate_3,L14,623,10,623_10
plate_2,L03,624,10,624_10
plate_3,K10,624,10,624_10
plate_2,K02,625,10,625_10
plate_3,J16,625,10,625_10
plate_2,O05,626,10,626_10
plate_3,E09,626,10,626_10
plate_2,D13,627,10,627_10
plate_3,L19,627,10,627_10
plate_2,O23,628,10,628_10
plate_3,N02,628,10,628_10
plate_2,B06,629,10,629_10
plate_3,E07,629,10,629_10
plate_2,A03,630,10,630_10
plate_3,M20,630,10,630_10
plate_2,I24,631,10,631_10
plate_3,N16,631,10,631_10
plate_2,H07,632,10,632_10
plate_3,J24,632,10,632_10
plate_2,M06,633,10,633_10
plate_3,M07,633,10,633_10
plate_2,H05,634,10,634_10
plate_3,A01,634,10,634_10
plate_2,H23,635,10,635_10
plate_3,D12,635,10,635_10
plate_2,G07,636,10,636_10
plate_3,D19,636,10,636_10
plate_2,P22,637,10,637_10
plate_3,I04,637,10,637_10
plate_2,H12,638,10,638_10
plate_3,B16,638,10,638_10
plate_2,G12,639,10,639_10
plate_3,B05,639,10,639_10
plate_2,J14,640,10,640_10
plate_3,D11,640,10,640_10
plate_2,P12,641,10,641_10
plate_3,E03,641,10,641_10
plate_2,G02,642,10,642_10
plate_3,K08,642,10,642_10
plate_2,G01,643,10,643_10
plate_3,J10,643,10,643_10
plate_2,A08,644,10,644_10
plate_3,E22,644,10,644_10
plate_2,J02,645,10,645_10
plate_3,D22,645,10,645_10
plate_2,J23,646,10,646_10
plate_3,M13,646,10,646_10
plate_2,A10,647,10,647_10
plate_3,M12,647,10,647_10
plate_2,J19,648,10,648_10
plate_3,M19,648,10,648_10
plate_2,A22,649,10,649_10
plate_3,M08,649,10,649_10
plate_2,I07,650,10,650_10
plate_3,D13,650,10,650_10
plate_2,I21,651,10,651_10
plate_3,D07,651,10,651_10
plate_2,I20,652,10,652_10
plate_3,B18,652,10,652_10
plate_2,I13,653,10,653_10
plate_3,B06,653,10,653_10
plate_2,I12,654,10,654_10
plate_3,D21,654,10,654_10
plate_4,D05,655,10,655_10
plate_5,B02,655,10,655_10
plate_4,N04,656,10,656_10
plate_5,D15,656,10,656_10
plate_4,M21,657,10,657_10
plate_5,N10,657,10,657_10
plate_4,J15,658,10,658_10
plate_5,F06,658,10,658_10
plate_4,G08,659,10,659_10
plate_5,M19,659,10,659_10
plate_4,B24,660,10,660_10
plate_5,E12,660,10,660_10
plate_4,H14,661,10,661_10
plate_5,B01,661,10,661_10
plate_4,D02,662,10,662_10
plate_5,A12,662,10,662_10
plate_4,K22,663,10,663_10
plate_5,H23,663,10,663_10
plate_4,I07,664,10,664_10
plate_5,P17,664,10,664_10
plate_4,O17,665,10,665_10
plate_5,F16,665,10,665_10
plate_4,L21,666,10,666_10
plate_5,L03,666,10,666_10
plate_4,E23,667,10,667_10
plate_5,A19,667,10,667_10
plate_4,N07,668,10,668_10
plate_5,K04,668,10,668_10
plate_4,B13,669,10,669_10
plate_5,K22,669,10,669_10
plate_4,D23,670,10,670_10
plate_5,D24,670,10,670_10
plate_4,B18,671,10,671_10
plate_5,M04,671,10,671_10
plate_4,D22,672,10,672_10
plate_5,P24,672,10,672_10
plate_4,O03,673,10,673_10
plate_5,O06,673,10,673_10
plate_4,B22,674,10,674_10
plate_5,M06,674,10,674_10
plate_4,B06,675,10,675_10
plate_5,L15,675,10,675_10
plate_4,I11,676,10,676_10
plate_5,G24,676,10,676_10
plate_4,C08,677,10,677_10
plate_5,G23,677,10,677_10
plate_4,J19,678,10,678_10
plate_5,E20,678,10,678_10
plate_4,M01,679,10,679_10
plate_5,P02,679,10,679_10
plate_4,B07,680,10,680_10
plate_5,L14,680,10,680_10
plate_4,I01,681,10,681_10
plate_5,C11,681,10,681_10
plate_4,A16,682,10,682_10
plate_5,O07,682,10,682_10
plate_4,N19,683,10,683_10
plate_5,I15,683,10,683_10
plate_4,N12,684,10,684_10
plate_5,B23,684,10,684_10
plate_4,C07,685,10,685_10
plate_5,J23,685,10,685_10
plate_4,H04,686,10,686_10
plate_5,F03,686,10,686_10
plate_4,P05,687,10,687_10
plate_5,G08,687,10,687_10
plate_4,P15,688,10,688_10
plate_5,L01,688,10,688_10
plate_4,K05,689,10,689_10
plate_5,F19,689,10,689_10
plate_4,N18,690,10,690_10
plate_5,O23,690,10,690_10
plate_4,H07,691,10,691_10
plate_5,C05,691,10,691_10
plate_4,N13,692,10,692_10
plate_5,P01,692,10,692_10
plate_4,E05,693,10,693_10
plate_5,C02,693,10,693_10
plate_4,A01,694,10,694_10
plate_5,G09,694,10,694_10
plate_4,G24,695,10,695_10
plate_5,F07,695,10,695_10
plate_4,A05,696,10,696_10
plate_5,H07,696,10,696_10
plate_4,N20,697,10,697_10
plate_5,L24,697,10,697_10
plate_4,H10,698,10,698_10
plate_5,D03,698,10,698_10
plate_4,G10,699,10,699_10
plate_5,M03,699,10,699_10
plate_4,E21,700,10,700_10
plate_5,C23,700,10,700_10
plate_4,K24,701,10,701_10
plate_5,F01,701,10,701_10
plate_4,K14,702,10,702_10
plate_5,L02,702,10,702_10
plate_4,C02,703,10,703_10
plate_5,H04,703,10,703_10
plate_4,B11,704,10,704_10
plate_5,L07,704,10,704_10
plate_4,O01,705,10,705_10
plate_5,J20,705,10,705_10
plate_4,E16,706,10,706_10
plate_5,A09,706,10,706_10
plate_4,M23,707,10,707_10
plate_5,L05,707,10,707_10
plate_4,G03,708,10,708_10
plate_5,P09,708,10,708_10
plate_4,C18,709,10,709_10
plate_5,O09,709,10,709_10
plate_4,K17,710,10,710_10
plate_5,K24,710,10,710_10
plate_4,L19,711,10,711_10
plate_5,O20,711,10,711_10
plate_4,F14,712,10,712_10
plate_5,I16,712,10,712_10
plate_4,A10,713,10,713_10
plate_5,C08,713,10,713_10
plate_4,F18,714,10,714_10
plate_5,O03,714,10,714_10
plate_4,P11,715,10,715_10
plate_5,J05,715,10,715_10
plate_4,E03,716,10,716_10
plate_5,M20,716,10,716_10
plate_4,K03,717,10,717_10
plate_5,I06,717,10,717_10
plate_4,O12,718,10,718_10
plate_5,G10,718,10,718_10
plate_4,D09,719,10,719_10
plate_5,H17,719,10,719_10
plate_4,F11,720,10,720_10
plate_5,F04,720,10,720_10
plate_4,L05,721,10,721_10
plate_5,F15,721,10,721_10
plate_4,B10,722,10,722_10
plate_5,G15,722,10,722_10
plate_4,P22,723,10,723_10
plate_5,J06,723,10,723_10
plate_4,H20,724,10,724_10
plate_5,H15,724,10,724_10
plate_4,J23,725,10,725_10
plate_5,B14,725,10,725_10
plate_4,D18,726,10,726_10
plate_5,C18,726,10,726_10
plate_4,A22,727,10,727_10
plate_5,L21,727,10,727_10
plate_4,L22,728,10,728_10
plate_5,P12,728,10,728_10
plate_4,I09,729,10,729_10
plate_5,L11,729,10,729_10
plate_4,G16,730,10,730_10
plate_5,A24,730,10,730_10
plate_4,L03,731,10,731_10
plate_5,H16,731,10,731_10
plate_4,O20,732,10,732_10
plate_5,G02,732,10,732_10
plate_4,E19,733,10,733_10
plate_5,J16,733,10,733_10
plate_4,E04,734,10,734_10
plate_5,P06,734,10,734_10
plate_4,F17,735,10,735_10
plate_5,M15,735,10,735_10
plate_4,A08,736,10,736_10
plate_5,J13,736,10,736_10
plate_4,D01,737,10,737_10
plate_5,H19,737,10,737_10
plate_4,C16,738,10,738_10
plate_5,H01,738,10,738_10
plate_4,I16,739,10,739_10
plate_5,H21,739,10,739_10
plate_4,I20,740,10,740_10
plate_5,L22,740,10,740_10
plate_4,E11,741,10,741_10
plate_5,D13,741,10,741_10
plate_4,D10,742,10,742_10
plate_5,F18,742,10,742_10
plate_4,K09,743,10,743_10
plate_5,G06,743,10,743_10
plate_4,J02,744,10,744_10
plate_5,G20,744,10,744_10
plate_4,J05,745,10,745_10
plate_5,I19,745,10,745_10
plate_4,E15,746,10,746_10
plate_5,M01,746,10,746_10
plate_4,I23,747,10,747_10
plate_5,E01,747,10,747_10
plate_4,A19,748,10,748_10
plate_5,F10,748,10,748_10
plate_4,J01,749,10,749_10
plate_5,G21,749,10,749_10
plate_4,D17,750,10,750_10
plate_5,B16,750,10,750_10
plate_4,P23,751,10,751_10
plate_5,H09,751,10,751_10
plate_4,O08,752,10,752_10
plate_5,K01,752,10,752_10
plate_4,J20,753,10,753_10
plate_5,E14,753,10,753_10
plate_4,L15,754,10,754_10
plate_5,D12,754,10,754_10
plate_4,N11,755,10,755_10
plate_5,M02,755,10,755_10
plate_4,P14,756,10,756_10
plate_5,B11,756,10,756_10
plate_4,I10,757,10,757_10
plate_5,K18,757,10,757_10
plate_4,K23,758,10,758_10
plate_5,L06,758,10,758_10
plate_4,F22,759,10,759_10
plate_5,B03,759,10,759_10
plate_4,G23,760,10,760_10
plate_5,M05,760,10,760_10
plate_4,M06,761,10,761_10
plate_5,D23,761,10,761_10
plate_4,D24,762,10,762_10
plate_5,A03,762,10,762_10
plate_4,D08,763,10,763_10
plate_5,O14,763,10,763_10
plate_4,K12,764,10,764_10
plate_5,K17,764,10,764_10
plate_4,K19,765,10,765_10
plate_5,H05,765,10,765_10
plate_4,M02,766,10,766_10
plate_5,C15,766,10,766_10
plate_4,G20,767,10,767_10
plate_5,N15,767,10,767_10
plate_4,D11,768,10,768_10
plate_5,B12,768,10,768_10
plate_4,N02,769,10,769_10
plate_5,D10,769,10,769_10
plate_4,I24,770,10,770_10
plate_5,D21,770,10,770_10
plate_4,O16,771,10,771_10
plate_5,N22,771,10,771_10
plate_4,E14,772,10,772_10
plate_5,O12,772,10,772_10
plate_4,L16,773,10,773_10
plate_5,D06,773,10,773_10
plate_4,P16,774,10,774_10
plate_5,E06,774,10,774_10
plate_4,D15,775,10,775_10
plate_5,J08,775,10,775_10
plate_4,I02,776,10,776_10
plate_5,M14,776,10,776_10
plate_4,E09,777,10,777_10
plate_5,M22,777,10,777_10
plate_4,K07,778,10,778_10
plate_5,H24,778,10,778_10
plate_4,J12,779,10,779_10
plate_5,L08,779,10,779_10
plate_4,N06,780,10,780_10
plate_5,K23,780,10,780_10
plate_4,E02,781,10,781_10
plate_5,I14,781,10,781_10
plate_4,M24,782,10,782_10
plate_5,D18,782,10,782_10
plate_4,F08,783,10,783_10
plate_5,P10,783,10,783_10
plate_4,A20,784,10,784_10
plate_5,M16,784,10,784_10
plate_4,D03,785,10,785_10
plate_5,B20,785,10,785_10
plate_4,B20,786,10,786_10
plate_5,E22,786,10,786_10
plate_4,I06,787,10,787_10
plate_5,P18,787,10,787_10
plate_4,A09,788,10,788_10
plate_5,O02,788,10,788_10
plate_4,B02,789,10,789_10
plate_5,K16,789,10,789_10
plate_4,N10,790,10,790_10
plate_5,O10,790,10,790_10
plate_4,F04,791,10,791_10
plate_5,O17,791,10,791_10
plate_4,O11,792,10,792_10
plate_5,J03,792,10,792_10
plate_4,D06,793,10,793_10
plate_5,L20,793,10,793_10
plate_4,P03,794,10,794_10
plate_5,J14,794,10,794_10
plate_4,B12,795,10,795_10
plate_5,I22,795,10,795_10
plate_4,I04,796,10,796_10
plate_5,N23,796,10,796_10
plate_4,K01,797,10,797_10
plate_5,B19,797,10,797_10
plate_4,M13,798,10,798_10
plate_5,E17,798,10,798_10
plate_4,C13,799,10,799_10
plate_5,L16,799,10,799_10
plate_4,K06,800,10,800_10
plate_5,L09,800,10,800_10
plate_4,M09,801,10,801_10
plate_5,M09,801,10,801_10
plate_4,J22,802,10,802_10
plate_5,F13,802,10,802_10
plate_4,J09,803,10,803_10
plate_5,N17,803,10,803_10
plate_4,A13,804,10,804_10
plate_5,B10,804,10,804_10
plate_4,M17,805,10,805_10
plate_5,I04,805,10,805_10
plate_4,J07,806,10,806_10
plate_5,L17,806,10,806_10
plate_4,M18,807,10,807_10
plate_5,N12,807,10,807_10
plate_4,O23,808,10,808_10
plate_5,I21,808,10,808_10
plate_4,M05,809,10,809_10
plate_5,M24,809,10,809_10
plate_4,N17,810,10,810_10
plate_5,C20,810,10,810_10
plate_4,J14,811,10,811_10
plate_5,N19,811,10,811_10
plate_4,B01,812,10,812_10
plate_5,P23,812,10,812_10
plate_4,D21,813,10,813_10
plate_5,K07,813,10,813_10
plate_4,M03,814,10,814_10
plate_5,D09,814,10,814_10
plate_4,L13,815,10,815_10
plate_5,P13,815,10,815_10
plate_4,J03,816,10,816_10
plate_5,G05,816,10,816_10
plate_4,O07,817,10,817_10
plate_5,C17,817,10,817_10
plate_4,H12,818,10,818_10
plate_5,G12,818,10,818_10
plate_4,P17,819,10,819_10
plate_5,D11,819,10,819_10
plate_4,M22,820,10,820_10
plate_5,N18,820,10,820_10
plate_4,O21,821,10,821_10
plate_5,G04,821,10,821_10
plate_4,P20,822,10,822_10
plate_5,O04,822,10,822_10
plate_4,N24,823,10,823_10
plate_5,M17,823,10,823_10
plate_4,J24,824,10,824_10
plate_5,H12,824,10,824_10
plate_4,B17,825,10,825_10
plate_5,E13,825,10,825_10
plate_4,D12,826,10,826_10
plate_5,I13,826,10,826_10
plate_4,B14,827,10,827_10
plate_5,C22,827,10,827_10
plate_4,D19,828,10,828_10
plate_5,P04,828,10,828_10
plate_4,H05,829,10,829_10
plate_5,H22,829,10,829_10
plate_4,G01,830,10,830_10
plate_5,P20,830,10,830_10
plate_4,O22,831,10,831_10
plate_5,O19,831,10,831_10
plate_4,O14,832,10,832_10
plate_5,L23,832,10,832_10
plate_4,H19,833,10,833_10
plate_5,E02,833,10,833_10
plate_4,C04,834,10,834_10
plate_5,G07,834,10,834_10
plate_4,H24,835,10,835_10
plate_5,E11,835,10,835_10
plate_4,J06,836,10,836_10
plate_5,B22,836,10,836_10
plate_4,P12,837,10,837_10
plate_5,G03,837,10,837_10
plate_4,A12,838,10,838_10
plate_5,H18,838,10,838_10
plate_4,B23,839,10,839_10
plate_5,I02,839,10,839_10
plate_4,L11,840,10,840_10
plate_5,M18,840,10,840_10
plate_4,N09,841,10,841_10
plate_5,O13,841,10,841_10
plate_4,G12,842,10,842_10
plate_5,L13,842,10,842_10
plate_4,N15,843,10,843_10
plate_5,M13,843,10,843_10
plate_4,L17,844,10,844_10
plate_5,P08,844,10,844_10
plate_4,C06,845,10,845_10
plate_5,K03,845,10,845_10
plate_4,F01,846,10,846_10
plate_5,M11,846,10,846_10
plate_4,L09,847,10,847_10
plate_5,A18,847,10,847_10
plate_4,F15,848,10,848_10
plate_5,I07,848,10,848_10
plate_4,H15,849,10,849_10
plate_5,O21,849,10,849_10
plate_4,M14,850,10,850_10
plate_5,N07,850,10,850_10
plate_4,A18,851,10,851_10
plate_5,N11,851,10,851_10
plate_4,N16,852,10,852_10
plate_5,N21,852,10,852_10
plate_4,P13,853,10,853_10
plate_5,A13,853,10,853_10
plate_4,B15,854,10,854_10
plate_5,P05,854,10,854_10
plate_4,K13,855,10,855_10
plate_5,F05,855,10,855_10
plate_4,C15,856,10,856_10
plate_5,L18,856,10,856_10
plate_4,A24,857,10,857_10
plate_5,P19,857,10,857_10
plate_4,D14,858,10,858_10
plate_5,F20,858,10,858_10
plate_4,A07,859,10,859_10
plate_5,A10,859,10,859_10
plate_4,B04,860,10,860_10
plate_5,K20,860,10,860_10
plate_4,H03,861,10,861_10
plate_5,E07,861,10,861_10
plate_4,J04,862,10,862_10
plate_5,G16,862,10,862_10
plate_4,P08,863,10,863_10
plate_5,F23,863,10,863_10
plate_4,K21,864,10,864_10
plate_5,K12,864,10,864_10
plate_4,C22,865,10,865_10
plate_5,C06,865,10,865_10
plate_4,J10,866,10,866_10
plate_5,C07,866,10,866_10
plate_4,O19,867,10,867_10
plate_5,I20,867,10,867_10
plate_4,A14,868,10,868_10
plate_5,I18,868,10,868_10
plate_4,E08,869,10,869_10
plate_5,L10,869,10,869_10
plate_4,J13,870,10,870_10
plate_5,N09,870,10,870_10
plate_4,N03,871,10,871_10
plate_5,J24,871,10,871_10
plate_4,H02,872,10,872_10
plate_5,N16,872,10,872_10
plate_4,H01,873,10,873_10
plate_5,F08,873,10,873_10
plate_4,B09,874,10,874_10
plate_5,B24,874,10,874_10
plate_4,B05,875,10,875_10
plate_5,G18,875,10,875_10
plate_4,D07,876,10,876_10
plate_5,F02,876,10,876_10
plate_4,N08,877,10,877_10
plate_5,O08,877,10,877_10
plate_4,C05,878,10,878_10
plate_5,N01,878,10,878_10
plate_4,O06,879,10,879_10
plate_5,C01,879,10,879_10
plate_4,J11,880,10,880_10
plate_5,E10,880,10,880_10
plate_4,C09,881,10,881_10
plate_5,B05,881,10,881_10
plate_4,D13,882,10,882_10
plate_5,D02,882,10,882_10
plate_4,P04,883,10,883_10
plate_5,I12,883,10,883_10
plate_4,C20,884,10,884_10
plate_5,K15,884,10,884_10
plate_4,P06,885,10,885_10
plate_5,G11,885,10,885_10
plate_4,G22,886,10,886_10
plate_5,F09,886,10,886_10
plate_4,N23,887,10,887_10
plate_5,C21,887,10,887_10
plate_4,H21,888,10,888_10
plate_5,H20,888,10,888_10
plate_4,O02,889,10,889_10
plate_5,P07,889,10,889_10
plate_4,L02,890,10,890_10
plate_5,N02,890,10,890_10
plate_4,A23,891,10,891_10
plate_5,B08,891,10,891_10
plate_4,N21,892,10,892_10
plate_5,O15,892,10,892_10
plate_4,B19,893,10,893_10
plate_5,A07,893,10,893_10
plate_4,L10,894,10,894_10
plate_5,O22,894,10,894_10
plate_4,A02,895,10,895_10
plate_5,H10,895,10,895_10
plate_4,H17,896,10,896_10
plate_5,J10,896,10,896_10
plate_4,O18,897,10,897_10
plate_5,K06,897,10,897_10
plate_4,O04,898,10,898_10
plate_5,P21,898,10,898_10
plate_4,N14,899,10,899_10
plate_5,H14,899,10,899_10
plate_4,L07,900,10,900_10
plate_5,E04,900,10,900_10
plate_4,M16,901,10,901_10
plate_5,A15,901,10,901_10
plate_4,P02,902,10,902_10
plate_5,B21,902,10,902_10
plate_4,K15,903,10,903_10
plate_5,I03,903,10,903_10
plate_4,P01,904,10,904_10
plate_5,B04,904,10,904_10
plate_4,A21,905,10,905_10
plate_5,A05,905,10,905_10
plate_4,M15,906,10,906_10
plate_5,E08,906,10,906_10
plate_4,M19,907,10,907_10
plate_5,A08,907,10,907_10
plate_4,M11,908,10,908_10
plate_5,E15,908,10,908_10
plate_4,F09,909,10,909_10
plate_5,O18,909,10,909_10
plate_4,G04,910,10,910_10
plate_5,G13,910,10,910_10
plate_4,P10,911,10,911_10
plate_5,I09,911,10,911_10
plate_4,M08,912,10,912_10
plate_5,F12,912,10,912_10
plate_4,E01,913,10,913_10
plate_5,F21,913,10,913_10
plate_4,B08,914,10,914_10
plate_5,K10,914,10,914_10
plate_4,M04,915,10,915_10
plate_5,G17,915,10,915_10
plate_4,L18,916,10,916_10
plate_5,G19,916,10,916_10
plate_4,M10,917,10,917_10
plate_5,F22,917,10,917_10
plate_4,J18,918,10,918_10
plate_5,N08,918,10,918_10
plate_4,J17,919,10,919_10
plate_5,E23,919,10,919_10
plate_4,P19,920,10,920_10
plate_5,P16,920,10,920_10
plate_4,C10,921,10,921_10
plate_5,F14,921,10,921_10
plate_4,G05,922,10,922_10
plate_5,M08,922,10,922_10
plate_4,E20,923,10,923_10
plate_5,J12,923,10,923_10
plate_4,I15,924,10,924_10
plate_5,H11,924,10,924_10
plate_4,E13,925,10,925_10
plate_5,O11,925,10,925_10
plate_4,G17,926,10,926_10
plate_5,O05,926,10,926_10
plate_4,L01,927,10,927_10
plate_5,P14,927,10,927_10
plate_4,C17,928,10,928_10
plate_5,H02,928,10,928_10
plate_4,K08,929,10,929_10
plate_5,H08,929,10,929_10
plate_4,F23,930,10,930_10
plate_5,C03,930,10,930_10
plate_4,L12,931,10,931_10
plate_5,J19,931,10,931_10
plate_4,O09,932,10,932_10
plate_5,E18,932,10,932_10
plate_4,E06,933,10,933_10
plate_5,J02,933,10,933_10
plate_4,F12,934,10,934_10
plate_5,J15,934,10,934_10
plate_4,G07,935,10,935_10
plate_5,C16,935,10,935_10
plate_4,H09,936,10,936_10
plate_5,N24,936,10,936_10
plate_4,E17,937,10,937_10
plate_5,D19,937,10,937_10
plate_4,A03,938,10,938_10
plate_5,C19,938,10,938_10
plate_4,O05,939,10,939_10
plate_5,C24,939,10,939_10
plate_4,G06,940,10,940_10
plate_5,C09,940,10,940_10
plate_4,K10,941,10,941_10
plate_5,A14,941,10,941_10
plate_4,I21,942,10,942_10
plate_5,C13,942,10,942_10
plate_4,I18,943,10,943_10
plate_5,N05,943,10,943_10
plate_4,C21,944,10,944_10
plate_5,D14,944,10,944_10
plate_4,A11,945,10,945_10
plate_5,P03,945,10,945_10
plate_4,K04,946,10,946_10
plate_5,I01,946,10,946_10
plate_4,A15,947,10,947_10
plate_5,I24,947,10,947_10
plate_4,C12,948,10,948_10
plate_5,A01,948,10,948_10
plate_4,O24,949,10,949_10
plate_5,I11,949,10,949_10
plate_4,C19,950,10,950_10
plate_5,J07,950,10,950_10
plate_4,K16,951,10,951_10
plate_5,N04,951,10,951_10
plate_4,H13,952,10,952_10
plate_5,C04,952,10,952_10
plate_4,G18,953,10,953_10
plate_5,J17,953,10,953_10
plate_4,L20,954,10,954_10
plate_5,N14,954,10,954_10
plate_4,E18,955,10,955_10
plate_5,A22,955,10,955_10
plate_4,E10,956,10,956_10
plate_5,M12,956,10,956_10
plate_4,H11,957,10,957_10
plate_5,I05,957,10,957_10
plate_4,G21,958,10,958_10
plate_5,J04,958,10,958_10
plate_4,G19,959,10,959_10
plate_5,E09,959,10,959_10
plate_4,H22,960,10,960_10
plate_5,K09,960,10,960_10
plate_4,P21,961,10,961_10
plate_5,K13,961,10,961_10
plate_4,H16,962,10,962_10
plate_5,E16,962,10,962_10
plate_4,I08,963,10,963_10
plate_5,J21,963,10,963_10
plate_4,G11,964,10,964_10
plate_5,A06,964,10,964_10
plate_4,I14,965,10,965_10
plate_5,J11,965,10,965_10
plate_4,I22,966,10,966_10
plate_5,K19,966,10,966_10
plate_4,G14,967,10,967_10
plate_5,B13,967,10,967_10
plate_4,I13,968,10,968_10
plate_5,B17,968,10,968_10
plate_4,F03,969,10,969_10
plate_5,K08,969,10,969_10
plate_4,C23,970,10,970_10
plate_5,A16,970,10,970_10
plate_4,L24,971,10,971_10
plate_5,B06,971,10,971_10
plate_4,F06,972,10,972_10
plate_5,D07,972,10,972_10
plate_4,I05,973,10,973_10
plate_5,K11,973,10,973_10
plate_4,F24,974,10,974_10
plate_5,A20,974,10,974_10
plate_4,L08,975,10,975_10
plate_5,D17,975,10,975_10
plate_4,F13,976,10,976_10
plate_5,E24,976,10,976_10
plate_4,C03,977,10,977_10
plate_5,A21,977,10,977_10
plate_4,F16,978,10,978_10
plate_5,A04,978,10,978_10
plate_4,F02,979,10,979_10
plate_5,D22,979,10,979_10
plate_4,F07,980,10,980_10
plate_5,D01,980,10,980_10
plate_4,F20,981,10,981_10
plate_5,D05,981,10,981_10
plate_1,N10,[etop],X, [etop]_X
plate_2,H14,[etop],X, [etop]_X
plate_3,J11,[etop],X, [etop]_X
plate_4,I17,[etop],X, [etop]_X
plate_5,I23,[etop],X, [etop]_X
plate_1,L13,[fenb],X, [fenb]_X
plate_2,A04,[fenb],X, [fenb]_X
plate_3,K05,[fenb],X, [fenb]_X
plate_4,L04,[fenb],X, [fenb]_X
plate_5,A02,[fenb],X, [fenb]_X
plate_1,H07,[meto],X, [meto]_X
plate_2,K08,[meto],X, [meto]_X
plate_3,E21,[meto],X, [meto]_X
plate_4,F21,[meto],X, [meto]_X
plate_5,K21,[meto],X, [meto]_X
plate_1,B15,[tetr],X, [tetr]_X
plate_2,P21,[tetr],X, [tetr]_X
plate_3,A04,[tetr],X, [tetr]_X
plate_4,E24,[tetr],X, [tetr]_X
plate_5,M10,[tetr],X, [tetr]_X
plate_1,G16,[berb],X,[berb]_X
plate_2,G18,[berb],X,[berb]_X
plate_3,L22,[berb],X,[berb]_X
plate_4,C01,[berb],X,[berb]_X
plate_5,B15,[berb],X,[berb]_X
plate_1,A11,DMSO,0.10%,DMSO-ARMS_0.1%
plate_1,A16,DMSO,0.10%,DMSO_0.1%
plate_1,A24,DMSO,0.10%,DMSO-ARMS_0.1%
plate_1,B04,DMSO,0.10%,DMSO-ARMS_0.1%
plate_1,B07,DMSO,0.10%,DMSO_0.1%
plate_1,B21,DMSO,0.10%,DMSO-ARMS_0.1%
plate_1,C06,DMSO,0.10%,DMSO-ARMS_0.1%
plate_1,C09,DMSO,0.10%,DMSO-ARMS_0.1%
plate_1,C18,DMSO,0.10%,DMSO_0.1%
plate_1,C22,DMSO,0.10%,DMSO_0.1%
plate_1,D04,DMSO,0.10%,DMSO-ARMS_0.1%
plate_1,D12,DMSO,0.10%,DMSO_0.1%
plate_1,D20,DMSO,0.10%,DMSO_0.1%
plate_1,D24,DMSO,0.10%,DMSO-ARMS_0.1%
plate_1,E02,DMSO,0.10%,DMSO_0.1%
plate_1,E14,DMSO,0.10%,DMSO-ARMS_0.1%
plate_1,E17,DMSO,0.10%,DMSO-ARMS_0.1%
plate_1,F08,DMSO,0.10%,DMSO-ARMS_0.1%
plate_1,F10,DMSO,0.10%,DMSO-ARMS_0.1%
plate_1,F13,DMSO,0.10%,DMSO_0.1%
plate_1,G01,DMSO,0.10%,DMSO_0.1%
plate_1,G03,DMSO,0.10%,DMSO-ARMS_0.1%
plate_1,G19,DMSO,0.10%,DMSO-ARMS_0.1%
plate_1,H05,DMSO,0.10%,DMSO_0.1%
plate_1,H21,DMSO,0.10%,DMSO-ARMS_0.1%
plate_1,H23,DMSO,0.10%,DMSO-ARMS_0.1%
plate_1,I02,DMSO,0.10%,DMSO-ARMS_0.1%
plate_1,I12,DMSO,0.10%,DMSO-ARMS_0.1%
plate_1,I19,DMSO,0.10%,DMSO_0.1%
plate_1,J05,DMSO,0.10%,DMSO-ARMS_0.1%
plate_1,J15,DMSO,0.10%,DMSO-ARMS_0.1%
plate_1,J21,DMSO,0.10%,DMSO_0.1%
plate_1,K01,DMSO,0.10%,DMSO-ARMS_0.1%
plate_1,K04,DMSO,0.10%,DMSO_0.1%
plate_1,K14,DMSO,0.10%,DMSO_0.1%
plate_1,K20,DMSO,0.10%,DMSO-ARMS_0.1%
plate_1,L08,DMSO,0.10%,DMSO-ARMS_0.1%
plate_1,L10,DMSO,0.10%,DMSO_0.1%
plate_1,L17,DMSO,0.10%,DMSO-ARMS_0.1%
plate_1,M03,DMSO,0.10%,DMSO-ARMS_0.1%
plate_1,M06,DMSO,0.10%,DMSO_0.1%
plate_1,M22,DMSO,0.10%,DMSO-ARMS_0.1%
plate_1,N07,DMSO,0.10%,DMSO-ARMS_0.1%
plate_1,N18,DMSO,0.10%,DMSO-ARMS_0.1%
plate_1,N23,DMSO,0.10%,DMSO_0.1%
plate_1,O11,DMSO,0.10%,DMSO_0.1%
plate_1,O13,DMSO,0.10%,DMSO-ARMS_0.1%
plate_1,O22,DMSO,0.10%,DMSO-ARMS_0.1%
plate_1,P06,DMSO,0.10%,DMSO-ARMS_0.1%
plate_1,P09,DMSO,0.10%,DMSO_0.1%
plate_1,P16,DMSO,0.10%,DMSO-ARMS_0.1%
plate_1,P24,DMSO,0.10%,DMSO_0.1%
plate_2,A14,DMSO,0.10%,DMSO_0.1%
plate_2,B02,DMSO,0.10%,DMSO_0.1%
plate_2,B23,DMSO,0.10%,DMSO_0.1%
plate_2,C13,DMSO,0.10%,DMSO_0.1%
plate_2,D08,DMSO,0.10%,DMSO_0.1%
plate_2,D20,DMSO,0.10%,DMSO_0.1%
plate_2,E11,DMSO,0.10%,DMSO_0.1%
plate_2,F01,DMSO,0.10%,DMSO_0.1%
plate_2,G10,DMSO,0.10%,DMSO_0.1%
plate_2,H21,DMSO,0.10%,DMSO_0.1%
plate_2,I03,DMSO,0.10%,DMSO_0.1%
plate_2,I16,DMSO,0.10%,DMSO_0.1%
plate_2,J05,DMSO,0.10%,DMSO_0.1%
plate_2,J22,DMSO,0.10%,DMSO_0.1%
plate_2,K12,DMSO,0.10%,DMSO_0.1%
plate_2,L15,DMSO,0.10%,DMSO_0.1%
plate_2,M24,DMSO,0.10%,DMSO_0.1%
plate_2,N09,DMSO,0.10%,DMSO_0.1%
plate_2,O06,DMSO,0.10%,DMSO_0.1%
plate_2,P19,DMSO,0.10%,DMSO_0.1%
plate_3,A12,DMSO,0.10%,DMSO-ARMS_0.1%
plate_3,A14,DMSO,0.10%,DMSO-ARMS_0.1%
plate_3,A22,DMSO,0.10%,DMSO_0.1%
plate_3,B07,DMSO,0.10%,DMSO_0.1%
plate_3,B09,DMSO,0.10%,DMSO-ARMS_0.1%
plate_3,B13,DMSO,0.10%,DMSO_0.1%
plate_3,B19,DMSO,0.10%,DMSO-ARMS_0.1%
plate_3,C10,DMSO,0.10%,DMSO_0.1%
plate_3,C17,DMSO,0.10%,DMSO-ARMS_0.1%
plate_3,C22,DMSO,0.10%,DMSO-ARMS_0.1%
plate_3,D03,DMSO,0.10%,DMSO-ARMS_0.1%
plate_3,D06,DMSO,0.10%,DMSO-ARMS_0.1%
plate_3,D16,DMSO,0.10%,DMSO_0.1%
plate_3,D23,DMSO,0.10%,DMSO_0.1%
plate_3,E05,DMSO,0.10%,DMSO_0.1%
plate_3,E08,DMSO,0.10%,DMSO-ARMS_0.1%
plate_3,E15,DMSO,0.10%,DMSO-ARMS_0.1%
plate_3,F02,DMSO,0.10%,DMSO_0.1%
plate_3,F18,DMSO,0.10%,DMSO-ARMS_0.1%
plate_3,F20,DMSO,0.10%,DMSO-ARMS_0.1%
plate_3,G01,DMSO,0.10%,DMSO-ARMS_0.1%
plate_3,G11,DMSO,0.10%,DMSO_0.1%
plate_3,G24,DMSO,0.10%,DMSO-ARMS_0.1%
plate_3,H07,DMSO,0.10%,DMSO-ARMS_0.1%
plate_3,H10,DMSO,0.10%,DMSO-ARMS_0.1%
plate_3,H21,DMSO,0.10%,DMSO_0.1%
plate_3,I08,DMSO,0.10%,DMSO_0.1%
plate_3,I12,DMSO,0.10%,DMSO_0.1%
plate_3,I19,DMSO,0.10%,DMSO-ARMS_0.1%
plate_3,I23,DMSO,0.10%,DMSO-ARMS_0.1%
plate_3,J04,DMSO,0.10%,DMSO-ARMS_0.1%
plate_3,J17,DMSO,0.10%,DMSO-ARMS_0.1%
plate_3,J20,DMSO,0.10%,DMSO_0.1%
plate_3,K01,DMSO,0.10%,DMSO-ARMS_0.1%
plate_3,K18,DMSO,0.10%,DMSO_0.1%
plate_3,K23,DMSO,0.10%,DMSO-ARMS_0.1%
plate_3,L07,DMSO,0.10%,DMSO-ARMS_0.1%
plate_3,L09,DMSO,0.10%,DMSO-ARMS_0.1%
plate_3,L24,DMSO,0.10%,DMSO_0.1%
plate_3,M03,DMSO,0.10%,DMSO_0.1%
plate_3,M05,DMSO,0.10%,DMSO-ARMS_0.1%
plate_3,M15,DMSO,0.10%,DMSO_0.1%
plate_3,M21,DMSO,0.10%,DMSO-ARMS_0.1%
plate_3,N01,DMSO,0.10%,DMSO_0.1%
plate_3,N11,DMSO,0.10%,DMSO-ARMS_0.1%
plate_3,N18,DMSO,0.10%,DMSO-ARMS_0.1%
plate_3,O02,DMSO,0.10%,DMSO-ARMS_0.1%
plate_3,O06,DMSO,0.10%,DMSO_0.1%
plate_3,O13,DMSO,0.10%,DMSO-ARMS_0.1%
plate_3,P10,DMSO,0.10%,DMSO-ARMS_0.1%
plate_3,P14,DMSO,0.10%,DMSO_0.1%
plate_3,P16,DMSO,0.10%,DMSO-ARMS_0.1%
plate_4,A04,DMSO,0.10%,DMSO_0.1%
plate_4,A06,DMSO,0.10%,DMSO-ARMS_0.1%
plate_4,A17,DMSO,0.10%,DMSO-ARMS_0.1%
plate_4,B03,DMSO,0.10%,DMSO-ARMS_0.1%
plate_4,B16,DMSO,0.10%,DMSO_0.1%
plate_4,B21,DMSO,0.10%,DMSO-ARMS_0.1%
plate_4,C11,DMSO,0.10%,DMSO-ARMS_0.1%
plate_4,C14,DMSO,0.10%,DMSO_0.1%
plate_4,C24,DMSO,0.10%,DMSO-ARMS_0.1%
plate_4,D04,DMSO,0.10%,DMSO-ARMS_0.1%
plate_4,D16,DMSO,0.10%,DMSO-ARMS_0.1%
plate_4,D20,DMSO,0.10%,DMSO_0.1%
plate_4,E07,DMSO,0.10%,DMSO_0.1%
plate_4,E12,DMSO,0.10%,DMSO-ARMS_0.1%
plate_4,E22,DMSO,0.10%,DMSO-ARMS_0.1%
plate_4,F05,DMSO,0.10%,DMSO-ARMS_0.1%
plate_4,F10,DMSO,0.10%,DMSO_0.1%
plate_4,F19,DMSO,0.10%,DMSO-ARMS_0.1%
plate_4,G02,DMSO,0.10%,DMSO_0.1%
plate_4,G09,DMSO,0.10%,DMSO-ARMS_0.1%
plate_4,G13,DMSO,0.10%,DMSO_0.1%
plate_4,G15,DMSO,0.10%,DMSO-ARMS_0.1%
plate_4,H06,DMSO,0.10%,DMSO-ARMS_0.1%
plate_4,H08,DMSO,0.10%,DMSO_0.1%
plate_4,H18,DMSO,0.10%,DMSO-ARMS_0.1%
plate_4,H23,DMSO,0.10%,DMSO_0.1%
plate_4,I03,DMSO,0.10%,DMSO-ARMS_0.1%
plate_4,I12,DMSO,0.10%,DMSO-ARMS_0.1%
plate_4,I19,DMSO,0.10%,DMSO_0.1%
plate_4,J08,DMSO,0.10%,DMSO-ARMS_0.1%
plate_4,J16,DMSO,0.10%,DMSO-ARMS_0.1%
plate_4,J21,DMSO,0.10%,DMSO_0.1%
plate_4,K02,DMSO,0.10%,DMSO-ARMS_0.1%
plate_4,K11,DMSO,0.10%,DMSO_0.1%
plate_4,K18,DMSO,0.10%,DMSO_0.1%
plate_4,K20,DMSO,0.10%,DMSO-ARMS_0.1%
plate_4,L06,DMSO,0.10%,DMSO_0.1%
plate_4,L14,DMSO,0.10%,DMSO-ARMS_0.1%
plate_4,L23,DMSO,0.10%,DMSO-ARMS_0.1%
plate_4,M07,DMSO,0.10%,DMSO-ARMS_0.1%
plate_4,M12,DMSO,0.10%,DMSO_0.1%
plate_4,M20,DMSO,0.10%,DMSO-ARMS_0.1%
plate_4,N01,DMSO,0.10%,DMSO-ARMS_0.1%
plate_4,N05,DMSO,0.10%,DMSO_0.1%
plate_4,N22,DMSO,0.10%,DMSO-ARMS_0.1%
plate_4,O10,DMSO,0.10%,DMSO-ARMS_0.1%
plate_4,O13,DMSO,0.10%,DMSO-ARMS_0.1%
plate_4,O15,DMSO,0.10%,DMSO_0.1%
plate_4,P07,DMSO,0.10%,DMSO-ARMS_0.1%
plate_4,P09,DMSO,0.10%,DMSO_0.1%
plate_4,P18,DMSO,0.10%,DMSO-ARMS_0.1%
plate_4,P24,DMSO,0.10%,DMSO_0.1%
plate_5,A23,DMSO,0.10%,DMSO_0.1%
plate_5,B18,DMSO,0.10%,DMSO_0.1%
plate_5,C10,DMSO,0.10%,DMSO_0.1%
plate_5,D04,DMSO,0.10%,DMSO_0.1%
plate_5,D08,DMSO,0.10%,DMSO_0.1%
plate_5,E19,DMSO,0.10%,DMSO_0.1%
plate_5,E21,DMSO,0.10%,DMSO_0.1%
plate_5,F11,DMSO,0.10%,DMSO_0.1%
plate_5,G14,DMSO,0.10%,DMSO_0.1%
plate_5,H03,DMSO,0.10%,DMSO_0.1%
plate_5,I17,DMSO,0.10%,DMSO_0.1%
plate_5,J01,DMSO,0.10%,DMSO_0.1%
plate_5,J09,DMSO,0.10%,DMSO_0.1%
plate_5,K05,DMSO,0.10%,DMSO_0.1%
plate_5,L12,DMSO,0.10%,DMSO_0.1%
plate_5,M07,DMSO,0.10%,DMSO_0.1%
plate_5,N13,DMSO,0.10%,DMSO_0.1%
plate_5,N20,DMSO,0.10%,DMSO_0.1%
plate_5,O16,DMSO,0.10%,DMSO_0.1%
plate_5,P22,DMSO,0.10%,DMSO_0.1%
plate_2,A07,DMSO,0.10%,DMSO-ERMS_0.1%
plate_2,A19,DMSO,0.10%,DMSO-ERMS_0.1%
plate_2,B12,DMSO,0.10%,DMSO-ERMS_0.1%
plate_2,B15,DMSO,0.10%,DMSO-ERMS_0.1%
plate_2,C05,DMSO,0.10%,DMSO-ERMS_0.1%
plate_2,C22,DMSO,0.10%,DMSO-ERMS_0.1%
plate_2,D12,DMSO,0.10%,DMSO-ERMS_0.1%
plate_2,D17,DMSO,0.10%,DMSO-ERMS_0.1%
plate_2,E09,DMSO,0.10%,DMSO-ERMS_0.1%
plate_2,E24,DMSO,0.10%,DMSO-ERMS_0.1%
plate_2,F13,DMSO,0.10%,DMSO-ERMS_0.1%
plate_2,F22,DMSO,0.10%,DMSO-ERMS_0.1%
plate_2,G03,DMSO,0.10%,DMSO-ERMS_0.1%
plate_2,G16,DMSO,0.10%,DMSO-ERMS_0.1%
plate_2,H01,DMSO,0.10%,DMSO-ERMS_0.1%
plate_2,H06,DMSO,0.10%,DMSO-ERMS_0.1%
plate_2,I11,DMSO,0.10%,DMSO-ERMS_0.1%
plate_2,I23,DMSO,0.10%,DMSO-ERMS_0.1%
plate_2,J07,DMSO,0.10%,DMSO-ERMS_0.1%
plate_2,J17,DMSO,0.10%,DMSO-ERMS_0.1%
plate_2,K14,DMSO,0.10%,DMSO-ERMS_0.1%
plate_2,K20,DMSO,0.10%,DMSO-ERMS_0.1%
plate_2,L10,DMSO,0.10%,DMSO-ERMS_0.1%
plate_2,L18,DMSO,0.10%,DMSO-ERMS_0.1%
plate_2,M02,DMSO,0.10%,DMSO-ERMS_0.1%
plate_2,M04,DMSO,0.10%,DMSO-ERMS_0.1%
plate_2,N18,DMSO,0.10%,DMSO-ERMS_0.1%
plate_2,N21,DMSO,0.10%,DMSO-ERMS_0.1%
plate_2,O08,DMSO,0.10%,DMSO-ERMS_0.1%
plate_2,O13,DMSO,0.10%,DMSO-ERMS_0.1%
plate_2,P01,DMSO,0.10%,DMSO-ERMS_0.1%
plate_2,P10,DMSO,0.10%,DMSO-ERMS_0.1%
plate_5,A11,DMSO,0.10%,DMSO-ERMS_0.1%
plate_5,A17,DMSO,0.10%,DMSO-ERMS_0.1%
plate_5,B07,DMSO,0.10%,DMSO-ERMS_0.1%
plate_5,B09,DMSO,0.10%,DMSO-ERMS_0.1%
plate_5,C12,DMSO,0.10%,DMSO-ERMS_0.1%
plate_5,C14,DMSO,0.10%,DMSO-ERMS_0.1%
plate_5,D16,DMSO,0.10%,DMSO-ERMS_0.1%
plate_5,D20,DMSO,0.10%,DMSO-ERMS_0.1%
plate_5,E03,DMSO,0.10%,DMSO-ERMS_0.1%
plate_5,E05,DMSO,0.10%,DMSO-ERMS_0.1%
plate_5,F17,DMSO,0.10%,DMSO-ERMS_0.1%
plate_5,F24,DMSO,0.10%,DMSO-ERMS_0.1%
plate_5,G01,DMSO,0.10%,DMSO-ERMS_0.1%
plate_5,G22,DMSO,0.10%,DMSO-ERMS_0.1%
plate_5,H06,DMSO,0.10%,DMSO-ERMS_0.1%
plate_5,H13,DMSO,0.10%,DMSO-ERMS_0.1%
plate_5,I08,DMSO,0.10%,DMSO-ERMS_0.1%
plate_5,I10,DMSO,0.10%,DMSO-ERMS_0.1%
plate_5,J18,DMSO,0.10%,DMSO-ERMS_0.1%
plate_5,J22,DMSO,0.10%,DMSO-ERMS_0.1%
plate_5,K02,DMSO,0.10%,DMSO-ERMS_0.1%
plate_5,K14,DMSO,0.10%,DMSO-ERMS_0.1%
plate_5,L04,DMSO,0.10%,DMSO-ERMS_0.1%
plate_5,L19,DMSO,0.10%,DMSO-ERMS_0.1%
plate_5,M21,DMSO,0.10%,DMSO-ERMS_0.1%
plate_5,M23,DMSO,0.10%,DMSO-ERMS_0.1%
plate_5,N03,DMSO,0.10%,DMSO-ERMS_0.1%
plate_5,N06,DMSO,0.10%,DMSO-ERMS_0.1%
plate_5,O01,DMSO,0.10%,DMSO-ERMS_0.1%
plate_5,O24,DMSO,0.10%,DMSO-ERMS_0.1%
plate_5,P11,DMSO,0.10%,DMSO-ERMS_0.1%
plate_5,P15,DMSO,0.10%,DMSO-ERMS_0.1%